time	V(n003)
0.000000000000000e+000	-1.000000e-001
1.000000000000000e-001	-1.000000e-001
1.000000080294819e-001	-9.839410e-002
1.000000160589638e-001	-9.678820e-002
1.000000240884458e-001	-9.518231e-002
1.000000321179277e-001	-9.357641e-002
1.000000401474096e-001	-9.197051e-002
1.000000481768915e-001	-9.036462e-002
1.000000562063735e-001	-8.875872e-002
1.000000940476272e-001	-8.119047e-002
1.000001318888810e-001	-7.362222e-002
1.000001697301348e-001	-6.605397e-002
1.000002075713886e-001	-5.848572e-002
1.000002454126423e-001	-5.091747e-002
1.000002832538961e-001	-4.334922e-002
1.000003210951499e-001	-3.578097e-002
1.000004088551899e-001	-1.822896e-002
1.000004993307829e-001	-1.338430e-004
1.000008290943375e-001	6.581887e-002
1.000010000000000e-001	1.000000e-001
1.000010364996152e-001	1.000000e-001
1.000010782134612e-001	1.000000e-001
1.000011616411532e-001	1.000000e-001
1.000012507104282e-001	1.000000e-001
1.000013323529879e-001	1.000000e-001
1.000014337231567e-001	1.000000e-001
1.000015371254663e-001	1.000000e-001
1.000017676131139e-001	1.000000e-001
1.000019177825756e-001	1.000000e-001
1.000021584207600e-001	1.000000e-001
1.000033765046258e-001	1.000000e-001
1.000045945884915e-001	1.000000e-001
1.000058126723573e-001	1.000000e-001
1.000070307562230e-001	1.000000e-001
1.000082488400887e-001	1.000000e-001
1.000094669239545e-001	1.000000e-001
1.000106850078202e-001	1.000000e-001
1.105541981510801e-001	1.000000e-001
1.210977112943400e-001	1.000000e-001
1.316412244375999e-001	1.000000e-001
1.421847375808597e-001	1.000000e-001
1.527282507241196e-001	1.000000e-001
1.632717638673795e-001	1.000000e-001
1.738152770106393e-001	1.000000e-001
1.748152770106393e-001	1.000000e-001
1.784132374376909e-001	1.000000e-001
1.820111978647424e-001	1.000000e-001
1.856091582917939e-001	1.000000e-001
1.892071187188454e-001	1.000000e-001
1.928050791458970e-001	1.000000e-001
1.964030395729485e-001	1.000000e-001
2.000010000000000e-001	1.000000e-001
2.000010149263805e-001	9.701472e-002
2.000010298527609e-001	9.402945e-002
2.000010447791414e-001	9.104417e-002
2.000010597055218e-001	8.805889e-002
2.000010746319023e-001	8.507362e-002
2.000010895582828e-001	8.208834e-002
2.000011044846632e-001	7.910307e-002
2.000011582090715e-001	6.835818e-002
2.000012217393213e-001	5.565213e-002
2.000012892640716e-001	4.214719e-002
2.000013773464736e-001	2.453071e-002
2.000014606187657e-001	7.876247e-003
2.000018247852089e-001	-6.495705e-002
2.000020000000000e-001	-1.000000e-001
2.000020525644373e-001	-1.000000e-001
2.000021226503538e-001	-1.000000e-001
2.000022034530778e-001	-1.000000e-001
2.000022858198138e-001	-1.000000e-001
2.000023725837551e-001	-1.000000e-001
2.000024815114508e-001	-1.000000e-001
2.000027926913962e-001	-1.000000e-001
2.000029368772688e-001	-1.000000e-001
2.000031633774627e-001	-1.000000e-001
2.000039668873759e-001	-1.000000e-001
2.000047703972890e-001	-1.000000e-001
2.000055739072022e-001	-1.000000e-001
2.000063774171153e-001	-1.000000e-001
2.000071809270285e-001	-1.000000e-001
2.000079844369416e-001	-1.000000e-001
2.000087879468548e-001	-1.000000e-001
2.142932468115898e-001	-1.000000e-001
2.285777056763249e-001	-1.000000e-001
2.428621645410599e-001	-1.000000e-001
2.571466234057949e-001	-1.000000e-001
2.714310822705300e-001	-1.000000e-001
2.857155411352650e-001	-1.000000e-001
3.000000000000000e-001	-1.000000e-001
3.000000142958527e-001	-9.714083e-002
3.000000285917052e-001	-9.428166e-002
3.000000428875578e-001	-9.142249e-002
3.000000571834104e-001	-8.856332e-002
3.000000714792630e-001	-8.570415e-002
3.000000857751156e-001	-8.284498e-002
3.000001000709682e-001	-7.998580e-002
3.000001586673533e-001	-6.826653e-002
3.000002227790247e-001	-5.544420e-002
3.000002906793028e-001	-4.186414e-002
3.000003798024521e-001	-2.403951e-002
3.000004635066743e-001	-7.298665e-003
3.000008249017704e-001	6.498035e-002
3.000010000000000e-001	1.000000e-001
3.000010525294689e-001	1.000000e-001
3.000011225687607e-001	1.000000e-001
3.000012034019314e-001	1.000000e-001
3.000012857755687e-001	1.000000e-001
3.000013725359574e-001	1.000000e-001
3.000014818314702e-001	1.000000e-001
3.000017948164490e-001	1.000000e-001
3.000019427631552e-001	1.000000e-001
3.000021862867686e-001	1.000000e-001
3.000035174661112e-001	1.000000e-001
3.106620744417732e-001	1.000000e-001
3.213206314174352e-001	1.000000e-001
3.319791883930973e-001	1.000000e-001
3.426377453687592e-001	1.000000e-001
3.532963023444213e-001	1.000000e-001
3.639548593200833e-001	1.000000e-001
3.746134162957453e-001	1.000000e-001
3.776134162957453e-001	1.000000e-001
3.806134162957453e-001	1.000000e-001
3.836134162957453e-001	1.000000e-001
3.866134162957453e-001	1.000000e-001
3.896134162957453e-001	1.000000e-001
3.926134162957453e-001	1.000000e-001
3.956134162957453e-001	1.000000e-001
3.962402140771485e-001	1.000881e-001
3.968670118585518e-001	1.001395e-001
3.974938096399551e-001	1.001543e-001
3.981206074213584e-001	1.001324e-001
3.987474052027616e-001	1.000739e-001
3.993742029841649e-001	9.997869e-002
4.000010007655681e-001	9.984688e-002
4.000010267586355e-001	9.464827e-002
4.000010527517028e-001	8.944966e-002
4.000010787447701e-001	8.425105e-002
4.000011047378375e-001	7.905243e-002
4.000011307309049e-001	7.385382e-002
4.000011567239722e-001	6.865521e-002
4.000011827170396e-001	6.345659e-002
4.000012539082170e-001	4.921836e-002
4.000013265290370e-001	3.469419e-002
4.000014145987151e-001	1.708026e-002
4.000015052229001e-001	-1.044580e-003
4.000018284486213e-001	-6.568973e-002
4.000020000000000e-001	-1.000000e-001
4.000020694601749e-001	-1.000000e-001
4.000021447261888e-001	-1.000000e-001
4.000022136470405e-001	-1.000000e-001
4.000023059349614e-001	-1.000000e-001
4.000023899889355e-001	-1.000000e-001
4.000024875025423e-001	-1.000000e-001
4.000027947530619e-001	-1.000000e-001
4.000030146977184e-001	-1.000000e-001
4.000031997065348e-001	-1.000000e-001
4.000033847153512e-001	-1.000000e-001
4.000035697241676e-001	-1.000000e-001
4.000037547329841e-001	-1.000000e-001
4.000039397418005e-001	-1.000000e-001
4.000041247506169e-001	-1.000000e-001
4.000043097594333e-001	-1.000000e-001
4.026717683769761e-001	-1.000000e-001
4.053392269945189e-001	-1.000000e-001
4.080066856120617e-001	-1.000000e-001
4.106741442296046e-001	-1.000000e-001
4.133416028471474e-001	-1.000000e-001
4.160090614646902e-001	-1.000000e-001
4.186765200822330e-001	-1.000000e-001
4.293908057965187e-001	-1.000000e-001
4.401050915108045e-001	-1.000000e-001
4.508193772250902e-001	-1.000000e-001
4.615336629393759e-001	-1.000000e-001
4.722479486536616e-001	-1.000000e-001
4.829622343679474e-001	-1.000000e-001
4.936765200822331e-001	-1.000000e-001
4.946765200822331e-001	-1.000000e-001
5.000000000000000e-001	-1.000000e-001
5.000000128351061e-001	-9.743298e-002
5.000000256702123e-001	-9.486596e-002
5.000000385053184e-001	-9.229894e-002
5.000000513404245e-001	-8.973192e-002
5.000000641755306e-001	-8.716490e-002
5.000000770106368e-001	-8.459788e-002
5.000000898457429e-001	-8.203086e-002
5.000001317050324e-001	-7.365900e-002
5.000001711383008e-001	-6.577234e-002
5.000002412867268e-001	-5.174265e-002
5.000003108242876e-001	-3.783514e-002
5.000004004539369e-001	-1.990921e-002
5.000004871383637e-001	-2.572327e-003
5.000005471507200e-001	9.430144e-003
5.000006071630763e-001	2.143261e-002
5.000006671754326e-001	3.343509e-002
5.000007271877889e-001	4.543756e-002
5.000007872001452e-001	5.744003e-002
5.000008472125015e-001	6.944250e-002
5.000009072248578e-001	8.144497e-002
5.000010008807968e-001	1.000000e-001
5.000010376148573e-001	1.000000e-001
5.000010743489176e-001	1.000000e-001
5.000011110829781e-001	1.000000e-001
5.000011478170384e-001	1.000000e-001
5.000011845510989e-001	1.000000e-001
5.000012212851592e-001	1.000000e-001
5.000012580192197e-001	1.000000e-001
5.000013417924711e-001	1.000000e-001
5.000014541291552e-001	1.000000e-001
5.000015555991589e-001	1.000000e-001
5.000017910703595e-001	1.000000e-001
5.000019398460619e-001	1.000000e-001
5.000021799571199e-001	1.000000e-001
5.000038850310986e-001	1.000000e-001
5.000055901050774e-001	1.000000e-001
5.000072951790561e-001	1.000000e-001
5.000090002530347e-001	1.000000e-001
5.000107053270134e-001	1.000000e-001
5.000124104009922e-001	1.000000e-001
5.000141154749709e-001	1.000000e-001
5.084911468961930e-001	1.000000e-001
5.169681783174150e-001	1.000000e-001
5.254452097386372e-001	1.000000e-001
5.339222411598592e-001	1.000000e-001
5.423992725810813e-001	1.000000e-001
5.508763040023035e-001	1.000000e-001
5.593533354235255e-001	1.000000e-001
5.623533354235255e-001	1.000000e-001
5.653533354235255e-001	1.000000e-001
5.683533354235255e-001	1.000000e-001
5.713533354235255e-001	1.000000e-001
5.743533354235255e-001	1.000000e-001
5.773533354235255e-001	1.000000e-001
5.803533354235255e-001	1.000000e-001
5.831601446487361e-001	1.000000e-001
5.859669538739468e-001	1.000000e-001
5.887737630991574e-001	1.000000e-001
5.915805723243681e-001	1.000000e-001
5.943873815495787e-001	1.000000e-001
5.971941907747894e-001	1.000000e-001
6.000010000000000e-001	1.000000e-001
6.000010201520007e-001	9.596960e-002
6.000010403040016e-001	9.193920e-002
6.000010604560023e-001	8.790880e-002
6.000010806080032e-001	8.387840e-002
6.000011007600039e-001	7.984800e-002
6.000011209120048e-001	7.581760e-002
6.000011410640055e-001	7.178720e-002
6.000011868513638e-001	6.262973e-002
6.000012565227124e-001	4.869546e-002
6.000013316289838e-001	3.367420e-002
6.000014180954286e-001	1.638091e-002
6.000015111152413e-001	-2.223049e-003
6.000018301793278e-001	-6.603587e-002
6.000020000000000e-001	-1.000000e-001
6.000020626241597e-001	-1.000000e-001
6.000021341946278e-001	-1.000000e-001
6.000022030671649e-001	-1.000000e-001
6.000022845052786e-001	-1.000000e-001
6.000023703896978e-001	-1.000000e-001
6.000024820447547e-001	-1.000000e-001
6.000027948782530e-001	-1.000000e-001
6.000029409256352e-001	-1.000000e-001
6.000031796803701e-001	-1.000000e-001
6.000046953472465e-001	-1.000000e-001
6.042954361282688e-001	-1.000000e-001
6.085861769092910e-001	-1.000000e-001
6.128769176903132e-001	-1.000000e-001
6.171676584713355e-001	-1.000000e-001
6.214583992523577e-001	-1.000000e-001
6.257491400333799e-001	-1.000000e-001
6.300398808144021e-001	-1.000000e-001
6.320398808144021e-001	-1.000000e-001
6.400398808144021e-001	-1.000000e-001
6.480398808144021e-001	-1.000000e-001
6.560398808144021e-001	-1.000000e-001
6.640398808144021e-001	-1.000000e-001
6.720398808144021e-001	-1.000000e-001
6.800398808144021e-001	-1.000000e-001
6.880398808144022e-001	-1.000000e-001
7.000000000000001e-001	-1.000000e-001
7.000000131134261e-001	-9.737732e-002
7.000000262268521e-001	-9.475463e-002
7.000000393402781e-001	-9.213195e-002
7.000000524537040e-001	-8.950926e-002
7.000000655671300e-001	-8.688658e-002
7.000000786805560e-001	-8.426389e-002
7.000000917939820e-001	-8.164120e-002
7.000001348833506e-001	-7.302333e-002
7.000001761681189e-001	-6.476638e-002
7.000002463151380e-001	-5.073697e-002
7.000003174955346e-001	-3.650089e-002
7.000004060377956e-001	-1.879244e-002
7.000004946119633e-001	-1.077607e-003
7.000005570677012e-001	1.141354e-002
7.000006195234391e-001	2.390469e-002
7.000006819791769e-001	3.639584e-002
7.000007444349148e-001	4.888698e-002
7.000008068906526e-001	6.137813e-002
7.000008693463905e-001	7.386928e-002
7.000009318021283e-001	8.636042e-002
7.000010000000001e-001	1.000000e-001
7.000010477385104e-001	1.000000e-001
7.000011022968078e-001	1.000000e-001
7.000011729549027e-001	1.000000e-001
7.000012505906811e-001	1.000000e-001
7.000013347126123e-001	1.000000e-001
7.000014417773078e-001	1.000000e-001
7.000015456776692e-001	1.000000e-001
7.000017771319826e-001	1.000000e-001
7.000019250868310e-001	1.000000e-001
7.000021574450251e-001	1.000000e-001
7.000029258303384e-001	1.000000e-001
7.000036942156517e-001	1.000000e-001
7.000044626009649e-001	1.000000e-001
7.000052309862782e-001	1.000000e-001
7.000059993715915e-001	1.000000e-001
7.000067677569047e-001	1.000000e-001
7.000075361422180e-001	1.000000e-001
7.072929510986967e-001	1.000000e-001
7.145783660551754e-001	1.000000e-001
7.218637810116542e-001	1.000000e-001
7.291491959681329e-001	1.000000e-001
7.364346109246116e-001	1.000000e-001
7.437200258810903e-001	1.000000e-001
7.510054408375690e-001	1.000000e-001
7.530054408375690e-001	1.000000e-001
7.540054408375690e-001	1.000000e-001
7.570054408375690e-001	1.000000e-001
7.615768694089976e-001	1.000000e-001
7.661482979804262e-001	1.000000e-001
7.707197265518547e-001	1.000000e-001
7.752911551232834e-001	1.000000e-001
7.798625836947120e-001	1.000000e-001
7.844340122661405e-001	1.000000e-001
7.890054408375691e-001	1.000000e-001
7.900054408375691e-001	1.000000e-001
8.000010000000001e-001	1.000000e-001
8.000010134387964e-001	9.731224e-002
8.000010268775928e-001	9.462448e-002
8.000010403163891e-001	9.193672e-002
8.000010537551854e-001	8.924896e-002
8.000010671939817e-001	8.656120e-002
8.000010806327781e-001	8.387344e-002
8.000010940715744e-001	8.118568e-002
8.000011389974767e-001	7.220051e-002
8.000011832506220e-001	6.334987e-002
8.000012530593685e-001	4.938813e-002
8.000013268371314e-001	3.463257e-002
8.000014139141564e-001	1.721717e-002
8.000015054076939e-001	-1.081539e-003
8.000018294399649e-001	-6.588800e-002
8.000020000000001e-001	-1.000000e-001
8.000020705787075e-001	-1.000000e-001
8.000021460881005e-001	-1.000000e-001
8.000022148798714e-001	-1.000000e-001
8.000023071660075e-001	-1.000000e-001
8.000023915850567e-001	-1.000000e-001
8.000024892699393e-001	-1.000000e-001
8.000027961152474e-001	-1.000000e-001
8.000029414227584e-001	-1.000000e-001
8.000031815495045e-001	-1.000000e-001
8.000046359635357e-001	-1.000000e-001
8.000060903775669e-001	-1.000000e-001
8.000075447915981e-001	-1.000000e-001
8.000089992056292e-001	-1.000000e-001
8.000104536196604e-001	-1.000000e-001
8.000119080336916e-001	-1.000000e-001
8.000133624477228e-001	-1.000000e-001
8.054576641029237e-001	-1.000000e-001
8.109019657581248e-001	-1.000000e-001
8.163462674133257e-001	-1.000000e-001
8.217905690685267e-001	-1.000000e-001
8.272348707237277e-001	-1.000000e-001
8.326791723789286e-001	-1.000000e-001
8.381234740341296e-001	-1.000000e-001
8.391234740341296e-001	-1.000000e-001
8.411234740341296e-001	-1.000000e-001
8.492663311769867e-001	-1.000000e-001
8.574091883198439e-001	-1.000000e-001
8.655520454627010e-001	-1.000000e-001
8.736949026055582e-001	-1.000000e-001
8.818377597484154e-001	-1.000000e-001
8.899806168912725e-001	-1.000000e-001
8.981234740341296e-001	-1.000000e-001
9.000000000000001e-001	-1.000000e-001
9.000000132459741e-001	-9.735081e-002
9.000000264919481e-001	-9.470161e-002
9.000000397379221e-001	-9.205242e-002
9.000000529838961e-001	-8.940322e-002
9.000000662298701e-001	-8.675403e-002
9.000000794758440e-001	-8.410483e-002
9.000000927218180e-001	-8.145563e-002
9.000001366543621e-001	-7.266913e-002
9.000001792679475e-001	-6.414641e-002
9.000002492069932e-001	-5.015860e-002
9.000003215543154e-001	-3.568914e-002
9.000004093764561e-001	-1.812471e-002
9.000004992364762e-001	-1.527048e-004
9.000008285439622e-001	6.570879e-002
9.000010000000001e-001	1.000000e-001
9.000010339057003e-001	1.000000e-001
9.000010678114004e-001	1.000000e-001
9.000011017171007e-001	1.000000e-001
9.000011356228008e-001	1.000000e-001
9.000011695285011e-001	1.000000e-001
9.000012034342012e-001	1.000000e-001
9.000012373399015e-001	1.000000e-001
9.000013231967570e-001	1.000000e-001
9.000014175715654e-001	1.000000e-001
9.000015253949701e-001	1.000000e-001
9.000018273834368e-001	1.000000e-001
9.000020525558536e-001	1.000000e-001
9.000024591831470e-001	1.000000e-001
9.000025611920727e-001	1.000000e-001
9.066482685652814e-001	1.000000e-001
9.132939759384902e-001	1.000000e-001
9.199396833116988e-001	1.000000e-001
9.265853906849076e-001	1.000000e-001
9.332310980581163e-001	1.000000e-001
9.398768054313251e-001	1.000000e-001
9.465225128045338e-001	1.000000e-001
9.475225128045338e-001	1.000000e-001
9.485225128045338e-001	1.000000e-001
9.505225128045338e-001	1.000000e-001
9.575908681181719e-001	1.000000e-001
9.646592234318099e-001	1.000000e-001
9.717275787454480e-001	1.000000e-001
9.787959340590861e-001	1.000000e-001
9.858642893727241e-001	1.000000e-001
9.929326446863621e-001	1.000000e-001
1.000001000000000e+000	1.000000e-001
1.000001013369398e+000	9.732612e-002
1.000001026738796e+000	9.465224e-002
1.000001040108193e+000	9.197836e-002
1.000001053477591e+000	8.930448e-002
1.000001066846989e+000	8.663061e-002
1.000001080216386e+000	8.395673e-002
1.000001093585784e+000	8.128285e-002
1.000001138152226e+000	7.236955e-002
1.000001181802636e+000	6.363947e-002
1.000001251661120e+000	4.966778e-002
1.000001324914366e+000	3.501713e-002
1.000001412253112e+000	1.754938e-002
1.000001503146396e+000	-6.292796e-004
1.000001829124110e+000	-6.582482e-002
1.000002000000000e+000	-1.000000e-001
1.000002076131396e+000	-1.000000e-001
1.000002153015022e+000	-1.000000e-001
1.000002224374467e+000	-1.000000e-001
1.000002314538945e+000	-1.000000e-001
1.000002402919102e+000	-1.000000e-001
1.000002502768637e+000	-1.000000e-001
1.000002803806857e+000	-1.000000e-001
1.000003031867795e+000	-1.000000e-001
1.000003230780485e+000	-1.000000e-001
1.000003429693174e+000	-1.000000e-001
1.000003628605863e+000	-1.000000e-001
1.000003827518552e+000	-1.000000e-001
1.000004026431241e+000	-1.000000e-001
1.000004225343931e+000	-1.000000e-001
1.000004424256620e+000	-1.000000e-001
1.005896337607177e+000	-1.000000e-001
1.011788250957735e+000	-1.000000e-001
1.017680164308292e+000	-1.000000e-001
1.023572077658850e+000	-1.000000e-001
1.029463991009407e+000	-1.000000e-001
1.035355904359965e+000	-1.000000e-001
1.041247817710522e+000	-1.000000e-001
1.042247817710522e+000	-1.000000e-001
1.044247817710522e+000	-1.000000e-001
1.050962103424807e+000	-1.000000e-001
1.057676389139092e+000	-1.000000e-001
1.064390674853377e+000	-1.000000e-001
1.071104960567662e+000	-1.000000e-001
1.077819246281947e+000	-1.000000e-001
1.084533531996232e+000	-1.000000e-001
1.091247817710517e+000	-1.000000e-001
1.092247817710517e+000	-1.000000e-001
1.100000000000000e+000	-1.000000e-001
1.100000013291280e+000	-9.734175e-002
1.100000026582559e+000	-9.468349e-002
1.100000039873839e+000	-9.202523e-002
1.100000053165118e+000	-8.936698e-002
1.100000066456398e+000	-8.670872e-002
1.100000079747677e+000	-8.405046e-002
1.100000093038957e+000	-8.139221e-002
1.100000137203772e+000	-7.255924e-002
1.100000180193489e+000	-6.396130e-002
1.100000250103806e+000	-4.997924e-002
1.100000322780326e+000	-3.544394e-002
1.100000410421905e+000	-1.791562e-002
1.100000500656802e+000	1.313602e-004
1.100000828760052e+000	6.575201e-002
1.100001000000000e+000	1.000000e-001
1.100001034878414e+000	1.000000e-001
1.100001074739460e+000	1.000000e-001
1.100001154461550e+000	1.000000e-001
1.100001232729295e+000	1.000000e-001
1.100001319006346e+000	1.000000e-001
1.100001411754281e+000	1.000000e-001
1.100001520426406e+000	1.000000e-001
1.100001819901845e+000	1.000000e-001
1.100002045577754e+000	1.000000e-001
1.100002251978011e+000	1.000000e-001
1.100002458378269e+000	1.000000e-001
1.100002664778526e+000	1.000000e-001
1.100002871178784e+000	1.000000e-001
1.100003077579041e+000	1.000000e-001
1.100003283979299e+000	1.000000e-001
1.100003490379556e+000	1.000000e-001
1.106349376643638e+000	1.000000e-001
1.112695262907719e+000	1.000000e-001
1.119041149171800e+000	1.000000e-001
1.125387035435882e+000	1.000000e-001
1.131732921699963e+000	1.000000e-001
1.138078807964045e+000	1.000000e-001
1.144424694228126e+000	1.000000e-001
1.145424694228126e+000	1.000000e-001
1.146424694228126e+000	1.000000e-001
1.148424694228126e+000	1.000000e-001
1.155792737909822e+000	1.000000e-001
1.163160781591518e+000	1.000000e-001
1.170528825273215e+000	1.000000e-001
1.177896868954911e+000	1.000000e-001
1.185264912636607e+000	1.000000e-001
1.192632956318304e+000	1.000000e-001
1.200001000000000e+000	1.000000e-001
1.200001015686492e+000	9.686270e-002
1.200001031372985e+000	9.372540e-002
1.200001047059477e+000	9.058810e-002
1.200001062745969e+000	8.745081e-002
1.200001078432462e+000	8.431351e-002
1.200001094118954e+000	8.117621e-002
1.200001109805446e+000	7.803891e-002
1.200001137814376e+000	7.243712e-002
1.200001181229712e+000	6.375406e-002
1.200001251105348e+000	4.977893e-002
1.200001324153688e+000	3.516926e-002
1.200001411597588e+000	1.768048e-002
1.200001502256191e+000	-4.512380e-004
1.200001828997178e+000	-6.579944e-002
1.200002000000000e+000	-1.000000e-001
1.200002078300141e+000	-1.000000e-001
1.200002155795388e+000	-1.000000e-001
1.200002228233971e+000	-1.000000e-001
1.200002317673445e+000	-1.000000e-001
1.200002407708310e+000	-1.000000e-001
1.200002519575818e+000	-1.000000e-001
1.200002818054374e+000	-1.000000e-001
1.200003043521824e+000	-1.000000e-001
1.200003115461034e+000	-1.000000e-001
1.200003187400246e+000	-1.000000e-001
1.200003259339456e+000	-1.000000e-001
1.200003331278667e+000	-1.000000e-001
1.200003403217878e+000	-1.000000e-001
1.200003475157089e+000	-1.000000e-001
1.200003547096300e+000	-1.000000e-001
1.200003659877062e+000	-1.000000e-001
1.206058124537276e+000	-1.000000e-001
1.212112589197490e+000	-1.000000e-001
1.218167053857705e+000	-1.000000e-001
1.224221518517919e+000	-1.000000e-001
1.230275983178133e+000	-1.000000e-001
1.236330447838347e+000	-1.000000e-001
1.242384912498562e+000	-1.000000e-001
1.243384912498562e+000	-1.000000e-001
1.245384912498561e+000	-1.000000e-001
1.253187067855910e+000	-1.000000e-001
1.260989223213258e+000	-1.000000e-001
1.268791378570607e+000	-1.000000e-001
1.276593533927955e+000	-1.000000e-001
1.284395689285303e+000	-1.000000e-001
1.292197844642652e+000	-1.000000e-001
1.300000000000000e+000	-1.000000e-001
1.300000013309413e+000	-9.733812e-002
1.300000026618825e+000	-9.467623e-002
1.300000039928238e+000	-9.201435e-002
1.300000053237650e+000	-8.935247e-002
1.300000066547063e+000	-8.669058e-002
1.300000079856476e+000	-8.402870e-002
1.300000093165888e+000	-8.136682e-002
1.300000137423881e+000	-7.251523e-002
1.300000180565701e+000	-6.388686e-002
1.300000250464178e+000	-4.990716e-002
1.300000323273648e+000	-3.534527e-002
1.300000410843901e+000	-1.783122e-002
1.300000501230366e+000	2.460731e-004
1.300000828845609e+000	6.576912e-002
1.300001000000000e+000	1.000000e-001
1.300001054575002e+000	1.000000e-001
1.300001116946433e+000	1.000000e-001
1.300001184011565e+000	1.000000e-001
1.300001261607495e+000	1.000000e-001
1.300001346006391e+000	1.000000e-001
1.300001457607051e+000	1.000000e-001
1.300001559266187e+000	1.000000e-001
1.300001796499831e+000	1.000000e-001
1.300001944964618e+000	1.000000e-001
1.300002182962279e+000	1.000000e-001
1.300003742814428e+000	1.000000e-001
1.300005302666576e+000	1.000000e-001
1.300006862518724e+000	1.000000e-001
1.300008422370872e+000	1.000000e-001
1.300009982223020e+000	1.000000e-001
1.300011542075168e+000	1.000000e-001
1.300013101927316e+000	1.000000e-001
1.306328484818778e+000	1.000000e-001
1.312643867710239e+000	1.000000e-001
1.318959250601700e+000	1.000000e-001
1.325274633493162e+000	1.000000e-001
1.331590016384623e+000	1.000000e-001
1.337905399276085e+000	1.000000e-001
1.344220782167546e+000	1.000000e-001
1.345220782167546e+000	1.000000e-001
1.347220782167546e+000	1.000000e-001
1.351935067881831e+000	1.000000e-001
1.356649353596116e+000	1.000000e-001
1.361363639310401e+000	1.000000e-001
1.366077925024686e+000	1.000000e-001
1.370792210738972e+000	1.000000e-001
1.375506496453257e+000	1.000000e-001
1.380220782167542e+000	1.000000e-001
1.381220782167542e+000	1.000000e-001
1.383903670429322e+000	1.000000e-001
1.386586558691102e+000	1.000000e-001
1.389269446952881e+000	1.000000e-001
1.391952335214661e+000	1.000000e-001
1.394635223476441e+000	1.000000e-001
1.397318111738221e+000	1.000000e-001
1.400001000000000e+000	1.000000e-001
1.400001013329769e+000	9.733405e-002
1.400001026659538e+000	9.466809e-002
1.400001039989308e+000	9.200214e-002
1.400001053319077e+000	8.933619e-002
1.400001066648846e+000	8.667023e-002
1.400001079978615e+000	8.400428e-002
1.400001093308384e+000	8.133832e-002
1.400001137670832e+000	7.246584e-002
1.400001180984007e+000	6.380320e-002
1.400001250869216e+000	4.982616e-002
1.400001323828328e+000	3.523434e-002
1.400001411319448e+000	1.773611e-002
1.400001501876707e+000	-3.753410e-004
1.400001828940700e+000	-6.578814e-002
1.400002000000000e+000	-1.000000e-001
1.400002079218550e+000	-1.000000e-001
1.400002156985386e+000	-1.000000e-001
1.400002229869348e+000	-1.000000e-001
1.400002319034338e+000	-1.000000e-001
1.400002409773266e+000	-1.000000e-001
1.400002521226763e+000	-1.000000e-001
1.400002820598594e+000	-1.000000e-001
1.400003045919309e+000	-1.000000e-001
1.400003251831767e+000	-1.000000e-001
1.400003457744225e+000	-1.000000e-001
1.400003663656682e+000	-1.000000e-001
1.400003869569140e+000	-1.000000e-001
1.400004075481598e+000	-1.000000e-001
1.400004281394056e+000	-1.000000e-001
1.400004487306514e+000	-1.000000e-001
1.406205769164473e+000	-1.000000e-001
1.412407051022432e+000	-1.000000e-001
1.418608332880392e+000	-1.000000e-001
1.424809614738351e+000	-1.000000e-001
1.431010896596310e+000	-1.000000e-001
1.437212178454269e+000	-1.000000e-001
1.443413460312228e+000	-1.000000e-001
1.444413460312228e+000	-1.000000e-001
1.446413460312228e+000	-1.000000e-001
1.454068680267624e+000	-1.000000e-001
1.461723900223020e+000	-1.000000e-001
1.469379120178416e+000	-1.000000e-001
1.477034340133812e+000	-1.000000e-001
1.484689560089208e+000	-1.000000e-001
1.492344780044604e+000	-1.000000e-001
1.500000000000000e+000	-1.000000e-001
1.500000013316701e+000	-9.733666e-002
1.500000026633401e+000	-9.467332e-002
1.500000039950101e+000	-9.200998e-002
1.500000053266802e+000	-8.934664e-002
1.500000066583502e+000	-8.668330e-002
1.500000079900202e+000	-8.401996e-002
1.500000093216903e+000	-8.135662e-002
1.500000137512392e+000	-7.249752e-002
1.500000180715616e+000	-6.385688e-002
1.500000250609271e+000	-4.987815e-002
1.500000323472383e+000	-3.530552e-002
1.500000411014109e+000	-1.779718e-002
1.500000501461756e+000	2.923515e-004
1.500000828879859e+000	6.577597e-002
1.500001000000000e+000	1.000000e-001
1.500001022005362e+000	1.000000e-001
1.500001097452318e+000	1.000000e-001
1.500001169830901e+000	1.000000e-001
1.500001249269123e+000	1.000000e-001
1.500001332938846e+000	1.000000e-001
1.500001438570751e+000	1.000000e-001
1.500001542388485e+000	1.000000e-001
1.500001773043347e+000	1.000000e-001
1.500001851191158e+000	1.000000e-001
1.500002075001357e+000	1.000000e-001
1.500002350101028e+000	1.000000e-001
1.500002625200699e+000	1.000000e-001
1.500002900300369e+000	1.000000e-001
1.500003175400040e+000	1.000000e-001
1.500003450499711e+000	1.000000e-001
1.500003725599382e+000	1.000000e-001
1.500004000699053e+000	1.000000e-001
1.506262233358100e+000	1.000000e-001
1.512520466017148e+000	1.000000e-001
1.518778698676196e+000	1.000000e-001
1.525036931335244e+000	1.000000e-001
1.531295163994292e+000	1.000000e-001
1.537553396653340e+000	1.000000e-001
1.543811629312388e+000	1.000000e-001
1.544811629312388e+000	1.000000e-001
1.546811629312388e+000	1.000000e-001
1.554410110839189e+000	1.000000e-001
1.562008592365991e+000	1.000000e-001
1.569607073892793e+000	1.000000e-001
1.577205555419595e+000	1.000000e-001
1.584804036946397e+000	1.000000e-001
1.592402518473199e+000	1.000000e-001
1.600001000000000e+000	1.000000e-001
1.600001015748684e+000	9.685026e-002
1.600001031497368e+000	9.370053e-002
1.600001047246052e+000	9.055079e-002
1.600001062994736e+000	8.740105e-002
1.600001078743420e+000	8.425132e-002
1.600001094492104e+000	8.110158e-002
1.600001110240788e+000	7.795184e-002
1.600001138384266e+000	7.232314e-002
1.600001182502368e+000	6.349953e-002
1.600001252119152e+000	4.957617e-002
1.600001325780239e+000	3.484395e-002
1.600001412846197e+000	1.743076e-002
1.600001504131501e+000	-8.263002e-004
1.600001829417147e+000	-6.588343e-002
1.600002000000000e+000	-1.000000e-001
1.600002073976102e+000	-1.000000e-001
1.600002150293459e+000	-1.000000e-001
1.600002220533722e+000	-1.000000e-001
1.600002311539299e+000	-1.000000e-001
1.600002398279031e+000	-1.000000e-001
1.600002497229245e+000	-1.000000e-001
1.600002800627296e+000	-1.000000e-001
1.600003029416518e+000	-1.000000e-001
1.600003227885703e+000	-1.000000e-001
1.600003426354887e+000	-1.000000e-001
1.600003624824072e+000	-1.000000e-001
1.600003823293256e+000	-1.000000e-001
1.600004021762441e+000	-1.000000e-001
1.600004220231625e+000	-1.000000e-001
1.600004418700809e+000	-1.000000e-001
1.606179838288973e+000	-1.000000e-001
1.612355257877136e+000	-1.000000e-001
1.618530677465299e+000	-1.000000e-001
1.624706097053462e+000	-1.000000e-001
1.630881516641626e+000	-1.000000e-001
1.637056936229789e+000	-1.000000e-001
1.643232355817952e+000	-1.000000e-001
1.644232355817952e+000	-1.000000e-001
1.646232355817952e+000	-1.000000e-001
1.651375212960809e+000	-1.000000e-001
1.656518070103665e+000	-1.000000e-001
1.661660927246522e+000	-1.000000e-001
1.666803784389378e+000	-1.000000e-001
1.671946641532235e+000	-1.000000e-001
1.677089498675091e+000	-1.000000e-001
1.682232355817948e+000	-1.000000e-001
1.683232355817948e+000	-1.000000e-001
1.685627733558241e+000	-1.000000e-001
1.688023111298534e+000	-1.000000e-001
1.690418489038827e+000	-1.000000e-001
1.692813866779121e+000	-1.000000e-001
1.695209244519414e+000	-1.000000e-001
1.697604622259707e+000	-1.000000e-001
1.700000000000000e+000	-1.000000e-001
1.700000013319629e+000	-9.733608e-002
1.700000026639257e+000	-9.467215e-002
1.700000039958886e+000	-9.200823e-002
1.700000053278514e+000	-8.934430e-002
1.700000066598142e+000	-8.668037e-002
1.700000079917771e+000	-8.401645e-002
1.700000093237399e+000	-8.135252e-002
1.700000137547907e+000	-7.249042e-002
1.700000180775759e+000	-6.384484e-002
1.700000250667523e+000	-4.986649e-002
1.700000323552140e+000	-3.528957e-002
1.700000411082488e+000	-1.778350e-002
1.700000501554681e+000	3.109364e-004
1.700000828893531e+000	6.577870e-002
1.700001001272417e+000	1.000000e-001
1.700001036328865e+000	1.000000e-001
1.700001071385314e+000	1.000000e-001
1.700001106441762e+000	1.000000e-001
1.700001141498210e+000	1.000000e-001
1.700001176554659e+000	1.000000e-001
1.700001211611107e+000	1.000000e-001
1.700001246667555e+000	1.000000e-001
1.700001329777169e+000	1.000000e-001
1.700001429730629e+000	1.000000e-001
1.700001534159222e+000	1.000000e-001
1.700001840276052e+000	1.000000e-001
1.700002064525194e+000	1.000000e-001
1.700002332958839e+000	1.000000e-001
1.700002601392484e+000	1.000000e-001
1.700002869826130e+000	1.000000e-001
1.700003138259775e+000	1.000000e-001
1.700003406693420e+000	1.000000e-001
1.700003675127066e+000	1.000000e-001
1.700003943560711e+000	1.000000e-001
1.706239356628660e+000	1.000000e-001
1.712474769696608e+000	1.000000e-001
1.718710182764557e+000	1.000000e-001
1.724945595832505e+000	1.000000e-001
1.731181008900454e+000	1.000000e-001
1.737416421968402e+000	1.000000e-001
1.743651835036351e+000	1.000000e-001
1.744651835036351e+000	1.000000e-001
1.746651835036350e+000	1.000000e-001
1.754273144316872e+000	1.000000e-001
1.761894453597393e+000	1.000000e-001
1.769515762877915e+000	1.000000e-001
1.777137072158436e+000	1.000000e-001
1.784758381438957e+000	1.000000e-001
1.792379690719479e+000	1.000000e-001
1.800001000000000e+000	1.000000e-001
1.800001019657415e+000	9.606852e-002
1.800001039314830e+000	9.213703e-002
1.800001058972244e+000	8.820555e-002
1.800001078629659e+000	8.427407e-002
1.800001098287074e+000	8.034258e-002
1.800001117944488e+000	7.641110e-002
1.800001137601903e+000	7.247962e-002
1.800001180871039e+000	6.382579e-002
1.800001250756697e+000	4.984866e-002
1.800001323677491e+000	3.526450e-002
1.800001411187716e+000	1.776246e-002
1.800001501700190e+000	-3.400382e-004
1.800001828917123e+000	-6.578343e-002
1.800002000000000e+000	-1.000000e-001
1.800002079649768e+000	-1.000000e-001
1.800002157546708e+000	-1.000000e-001
1.800002230637725e+000	-1.000000e-001
1.800002319680029e+000	-1.000000e-001
1.800002410750493e+000	-1.000000e-001
1.800002522014719e+000	-1.000000e-001
1.800002821804456e+000	-1.000000e-001
1.800003047056986e+000	-1.000000e-001
1.800003253589604e+000	-1.000000e-001
1.800003460122223e+000	-1.000000e-001
1.800003666654841e+000	-1.000000e-001
1.800003873187460e+000	-1.000000e-001
1.800004079720078e+000	-1.000000e-001
1.800004286252696e+000	-1.000000e-001
1.800004492785315e+000	-1.000000e-001
1.800004847148634e+000	-1.000000e-001
1.806208133665638e+000	-1.000000e-001
1.812411420182642e+000	-1.000000e-001
1.818614706699646e+000	-1.000000e-001
1.824817993216650e+000	-1.000000e-001
1.831021279733654e+000	-1.000000e-001
1.837224566250659e+000	-1.000000e-001
1.843427852767663e+000	-1.000000e-001
1.844427852767663e+000	-1.000000e-001
1.846427852767662e+000	-1.000000e-001
1.854081016657996e+000	-1.000000e-001
1.861734180548330e+000	-1.000000e-001
1.869387344438664e+000	-1.000000e-001
1.877040508328998e+000	-1.000000e-001
1.884693672219332e+000	-1.000000e-001
1.892346836109666e+000	-1.000000e-001
1.900000000000000e+000	-1.000000e-001
1.900000013320814e+000	-9.733584e-002
1.900000026641627e+000	-9.467167e-002
1.900000039962440e+000	-9.200751e-002
1.900000053283254e+000	-8.934335e-002
1.900000066604067e+000	-8.667919e-002
1.900000079924880e+000	-8.401502e-002
1.900000093245694e+000	-8.135086e-002
1.900000137562338e+000	-7.248753e-002
1.900000180800258e+000	-6.383995e-002
1.900000250691198e+000	-4.986176e-002
1.900000323584610e+000	-3.528308e-002
1.900000411110294e+000	-1.777794e-002
1.900000501592510e+000	3.185021e-004
1.900000828899126e+000	6.577983e-002
1.900001000510998e+000	1.000000e-001
1.900001053360563e+000	1.000000e-001
1.900001106210128e+000	1.000000e-001
1.900001159059693e+000	1.000000e-001
1.900001211909258e+000	1.000000e-001
1.900001264758822e+000	1.000000e-001
1.900001317608387e+000	1.000000e-001
1.900001370457952e+000	1.000000e-001
1.900001468285816e+000	1.000000e-001
1.900001785909138e+000	1.000000e-001
1.900001933015547e+000	1.000000e-001
1.900002166172019e+000	1.000000e-001
1.900003513562247e+000	1.000000e-001
1.900004860952474e+000	1.000000e-001
1.900006208342701e+000	1.000000e-001
1.900007555732929e+000	1.000000e-001
1.900008903123156e+000	1.000000e-001
1.900010250513383e+000	1.000000e-001
1.900011597903611e+000	1.000000e-001
1.906156271551629e+000	1.000000e-001
1.912300945199648e+000	1.000000e-001
1.918445618847667e+000	1.000000e-001
1.924590292495686e+000	1.000000e-001
1.930734966143704e+000	1.000000e-001
1.936879639791723e+000	1.000000e-001
1.943024313439742e+000	1.000000e-001
1.944024313439742e+000	1.000000e-001
1.945024313439741e+000	1.000000e-001
1.947024313439741e+000	1.000000e-001
1.951881456296883e+000	1.000000e-001
1.956738599154026e+000	1.000000e-001
1.961595742011168e+000	1.000000e-001
1.966452884868311e+000	1.000000e-001
1.971310027725453e+000	1.000000e-001
1.976167170582595e+000	1.000000e-001
1.981024313439737e+000	1.000000e-001
1.982024313439737e+000	1.000000e-001
1.984591982948346e+000	1.000000e-001
1.987159652456955e+000	1.000000e-001
1.989727321965564e+000	1.000000e-001
1.992294991474173e+000	1.000000e-001
1.994862660982782e+000	1.000000e-001
1.997430330491391e+000	1.000000e-001
1.999998000000000e+000	1.000000e-001
1.999999000000000e+000	1.000000e-001
2.000000000000000e+000	1.000000e-001
